{"cnn":{"err":0.0978000000},"knn1":{"err":0.0337},"knn5":{"err":0.0345},"knn10":{"err":0.03945}}